RoomID,RoomType,OriginID,OriginPoint,Height,Width,Depth,WFR,OutdoorVelocity,OutdoorTemperature,DistanceFromWindow,PointID,Point,ResultID_T10,T_10
Standard_00534,Standard,SR_OriginPoint,"{0, 0, 0}",0.1,3.5,4,0.0534,3,5,1.915888,SR_P1,"{-1.55, -1.8, -1.3}",Res_T10_1,0.14497
Standard_00534,Standard,SR_OriginPoint,"{0, 0, 0}",0.1,3.5,4,0.0534,3,5,1.946953,SR_P2,"{-1.55, -1.5, -1.3}",Res_T10_2,0.106913
Standard_00534,Standard,SR_OriginPoint,"{0, 0, 0}",0.1,3.5,4,0.0534,3,5,2.022529,SR_P3,"{-1.55, -1.2, -1.3}",Res_T10_3,0.107309
Standard_00534,Standard,SR_OriginPoint,"{0, 0, 0}",0.1,3.5,4,0.0534,3,5,2.137902,SR_P4,"{-1.55, -0.9, -1.3}",Res_T10_4,0.110364
Standard_00534,Standard,SR_OriginPoint,"{0, 0, 0}",0.1,3.5,4,0.0534,3,5,2.287056,SR_P5,"{-1.55, -0.6, -1.3}",Res_T10_5,0.112175
Standard_00534,Standard,SR_OriginPoint,"{0, 0, 0}",0.1,3.5,4,0.0534,3,5,2.463864,SR_P6,"{-1.55, -0.3, -1.3}",Res_T10_6,0.113369
Standard_00534,Standard,SR_OriginPoint,"{0, 0, 0}",0.1,3.5,4,0.0534,3,5,2.662823,SR_P7,"{-1.55, 0.0, -1.3}",Res_T10_7,0.113687
Standard_00534,Standard,SR_OriginPoint,"{0, 0, 0}",0.1,3.5,4,0.0534,3,5,2.879345,SR_P8,"{-1.55, 0.3, -1.3}",Res_T10_8,0.112379
Standard_00534,Standard,SR_OriginPoint,"{0, 0, 0}",0.1,3.5,4,0.0534,3,5,3.109763,SR_P9,"{-1.55, 0.6, -1.3}",Res_T10_9,0.108881
Standard_00534,Standard,SR_OriginPoint,"{0, 0, 0}",0.1,3.5,4,0.0534,3,5,3.351212,SR_P10,"{-1.55, 0.9, -1.3}",Res_T10_10,0.104008
Standard_00534,Standard,SR_OriginPoint,"{0, 0, 0}",0.1,3.5,4,0.0534,3,5,3.601475,SR_P11,"{-1.55, 1.2, -1.3}",Res_T10_11,0.096655
Standard_00534,Standard,SR_OriginPoint,"{0, 0, 0}",0.1,3.5,4,0.0534,3,5,3.858837,SR_P12,"{-1.55, 1.5, -1.3}",Res_T10_12,0.08033
Standard_00534,Standard,SR_OriginPoint,"{0, 0, 0}",0.1,3.5,4,0.0534,3,5,4.121969,SR_P13,"{-1.55, 1.8, -1.3}",Res_T10_13,0.065332
Standard_00534,Standard,SR_OriginPoint,"{0, 0, 0}",0.1,3.5,4,0.0534,3,5,1.67503,SR_P14,"{-1.24, -1.8, -1.3}",Res_T10_14,0.183333
Standard_00534,Standard,SR_OriginPoint,"{0, 0, 0}",0.1,3.5,4,0.0534,3,5,1.710475,SR_P15,"{-1.24, -1.5, -1.3}",Res_T10_15,0.131708
Standard_00534,Standard,SR_OriginPoint,"{0, 0, 0}",0.1,3.5,4,0.0534,3,5,1.79603,SR_P16,"{-1.24, -1.2, -1.3}",Res_T10_16,0.126929
Standard_00534,Standard,SR_OriginPoint,"{0, 0, 0}",0.1,3.5,4,0.0534,3,5,1.925026,SR_P17,"{-1.24, -0.9, -1.3}",Res_T10_17,0.123464
Standard_00534,Standard,SR_OriginPoint,"{0, 0, 0}",0.1,3.5,4,0.0534,3,5,2.089432,SR_P18,"{-1.24, -0.6, -1.3}",Res_T10_18,0.120151
Standard_00534,Standard,SR_OriginPoint,"{0, 0, 0}",0.1,3.5,4,0.0534,3,5,2.281606,SR_P19,"{-1.24, -0.3, -1.3}",Res_T10_19,0.117191
Standard_00534,Standard,SR_OriginPoint,"{0, 0, 0}",0.1,3.5,4,0.0534,3,5,2.49514,SR_P20,"{-1.24, 0.0, -1.3}",Res_T10_20,0.115146
Standard_00534,Standard,SR_OriginPoint,"{0, 0, 0}",0.1,3.5,4,0.0534,3,5,2.725018,SR_P21,"{-1.24, 0.3, -1.3}",Res_T10_21,0.113201
Standard_00534,Standard,SR_OriginPoint,"{0, 0, 0}",0.1,3.5,4,0.0534,3,5,2.967444,SR_P22,"{-1.24, 0.6, -1.3}",Res_T10_22,0.109342
Standard_00534,Standard,SR_OriginPoint,"{0, 0, 0}",0.1,3.5,4,0.0534,3,5,3.219585,SR_P23,"{-1.24, 0.9, -1.3}",Res_T10_23,0.103525
Standard_00534,Standard,SR_OriginPoint,"{0, 0, 0}",0.1,3.5,4,0.0534,3,5,3.479328,SR_P24,"{-1.24, 1.2, -1.3}",Res_T10_24,0.094712
Standard_00534,Standard,SR_OriginPoint,"{0, 0, 0}",0.1,3.5,4,0.0534,3,5,3.745093,SR_P25,"{-1.24, 1.5, -1.3}",Res_T10_25,0.076745
Standard_00534,Standard,SR_OriginPoint,"{0, 0, 0}",0.1,3.5,4,0.0534,3,5,4.015685,SR_P26,"{-1.24, 1.8, -1.3}",Res_T10_26,0.066931
Standard_00534,Standard,SR_OriginPoint,"{0, 0, 0}",0.1,3.5,4,0.0534,3,5,1.460488,SR_P27,"{-0.93, -1.8, -1.3}",Res_T10_27,0.198089
Standard_00534,Standard,SR_OriginPoint,"{0, 0, 0}",0.1,3.5,4,0.0534,3,5,1.501008,SR_P28,"{-0.93, -1.5, -1.3}",Res_T10_28,0.164467
Standard_00534,Standard,SR_OriginPoint,"{0, 0, 0}",0.1,3.5,4,0.0534,3,5,1.597819,SR_P29,"{-0.93, -1.2, -1.3}",Res_T10_29,0.163
Standard_00534,Standard,SR_OriginPoint,"{0, 0, 0}",0.1,3.5,4,0.0534,3,5,1.741558,SR_P30,"{-0.93, -0.9, -1.3}",Res_T10_30,0.155652
Standard_00534,Standard,SR_OriginPoint,"{0, 0, 0}",0.1,3.5,4,0.0534,3,5,1.921724,SR_P31,"{-0.93, -0.6, -1.3}",Res_T10_31,0.146044
Standard_00534,Standard,SR_OriginPoint,"{0, 0, 0}",0.1,3.5,4,0.0534,3,5,2.12909,SR_P32,"{-0.93, -0.3, -1.3}",Res_T10_32,0.135001
Standard_00534,Standard,SR_OriginPoint,"{0, 0, 0}",0.1,3.5,4,0.0534,3,5,2.356486,SR_P33,"{-0.93, 0.0, -1.3}",Res_T10_33,0.126781
Standard_00534,Standard,SR_OriginPoint,"{0, 0, 0}",0.1,3.5,4,0.0534,3,5,2.598658,SR_P34,"{-0.93, 0.3, -1.3}",Res_T10_34,0.1198
Standard_00534,Standard,SR_OriginPoint,"{0, 0, 0}",0.1,3.5,4,0.0534,3,5,2.851846,SR_P35,"{-0.93, 0.6, -1.3}",Res_T10_35,0.112964
Standard_00534,Standard,SR_OriginPoint,"{0, 0, 0}",0.1,3.5,4,0.0534,3,5,3.113362,SR_P36,"{-0.93, 0.9, -1.3}",Res_T10_36,0.106354
Standard_00534,Standard,SR_OriginPoint,"{0, 0, 0}",0.1,3.5,4,0.0534,3,5,3.381276,SR_P37,"{-0.93, 1.2, -1.3}",Res_T10_37,0.097375
Standard_00534,Standard,SR_OriginPoint,"{0, 0, 0}",0.1,3.5,4,0.0534,3,5,3.654179,SR_P38,"{-0.93, 1.5, -1.3}",Res_T10_38,0.080132
Standard_00534,Standard,SR_OriginPoint,"{0, 0, 0}",0.1,3.5,4,0.0534,3,5,3.931034,SR_P39,"{-0.93, 1.8, -1.3}",Res_T10_39,0.07318
Standard_00534,Standard,SR_OriginPoint,"{0, 0, 0}",0.1,3.5,4,0.0534,3,5,1.285506,SR_P40,"{-0.62, -1.8, -1.3}",Res_T10_40,0.215641
Standard_00534,Standard,SR_OriginPoint,"{0, 0, 0}",0.1,3.5,4,0.0534,3,5,1.331362,SR_P41,"{-0.62, -1.5, -1.3}",Res_T10_41,0.21084
Standard_00534,Standard,SR_OriginPoint,"{0, 0, 0}",0.1,3.5,4,0.0534,3,5,1.439627,SR_P42,"{-0.62, -1.2, -1.3}",Res_T10_42,0.204526
Standard_00534,Standard,SR_OriginPoint,"{0, 0, 0}",0.1,3.5,4,0.0534,3,5,1.597662,SR_P43,"{-0.62, -0.9, -1.3}",Res_T10_43,0.186069
Standard_00534,Standard,SR_OriginPoint,"{0, 0, 0}",0.1,3.5,4,0.0534,3,5,1.792352,SR_P44,"{-0.62, -0.6, -1.3}",Res_T10_44,0.167177
Standard_00534,Standard,SR_OriginPoint,"{0, 0, 0}",0.1,3.5,4,0.0534,3,5,2.013088,SR_P45,"{-0.62, -0.3, -1.3}",Res_T10_45,0.147948
Standard_00534,Standard,SR_OriginPoint,"{0, 0, 0}",0.1,3.5,4,0.0534,3,5,2.252227,SR_P46,"{-0.62, 0.0, -1.3}",Res_T10_46,0.133984
Standard_00534,Standard,SR_OriginPoint,"{0, 0, 0}",0.1,3.5,4,0.0534,3,5,2.504501,SR_P47,"{-0.62, 0.3, -1.3}",Res_T10_47,0.122316
Standard_00534,Standard,SR_OriginPoint,"{0, 0, 0}",0.1,3.5,4,0.0534,3,5,2.76632,SR_P48,"{-0.62, 0.6, -1.3}",Res_T10_48,0.110915
Standard_00534,Standard,SR_OriginPoint,"{0, 0, 0}",0.1,3.5,4,0.0534,3,5,3.035214,SR_P49,"{-0.62, 0.9, -1.3}",Res_T10_49,0.102332
Standard_00534,Standard,SR_OriginPoint,"{0, 0, 0}",0.1,3.5,4,0.0534,3,5,3.30946,SR_P50,"{-0.62, 1.2, -1.3}",Res_T10_50,0.091989
Standard_00534,Standard,SR_OriginPoint,"{0, 0, 0}",0.1,3.5,4,0.0534,3,5,3.58783,SR_P51,"{-0.62, 1.5, -1.3}",Res_T10_51,0.074525
Standard_00534,Standard,SR_OriginPoint,"{0, 0, 0}",0.1,3.5,4,0.0534,3,5,3.869435,SR_P52,"{-0.62, 1.8, -1.3}",Res_T10_52,0.073168
Standard_00534,Standard,SR_OriginPoint,"{0, 0, 0}",0.1,3.5,4,0.0534,3,5,1.168,SR_P53,"{-0.31, -1.8, -1.3}",Res_T10_53,0.227267
Standard_00534,Standard,SR_OriginPoint,"{0, 0, 0}",0.1,3.5,4,0.0534,3,5,1.218288,SR_P54,"{-0.31, -1.5, -1.3}",Res_T10_54,0.273756
Standard_00534,Standard,SR_OriginPoint,"{0, 0, 0}",0.1,3.5,4,0.0534,3,5,1.335749,SR_P55,"{-0.31, -1.2, -1.3}",Res_T10_55,0.255965
Standard_00534,Standard,SR_OriginPoint,"{0, 0, 0}",0.1,3.5,4,0.0534,3,5,1.504734,SR_P56,"{-0.31, -0.9, -1.3}",Res_T10_56,0.216947
Standard_00534,Standard,SR_OriginPoint,"{0, 0, 0}",0.1,3.5,4,0.0534,3,5,1.710037,SR_P57,"{-0.31, -0.6, -1.3}",Res_T10_57,0.184619
Standard_00534,Standard,SR_OriginPoint,"{0, 0, 0}",0.1,3.5,4,0.0534,3,5,1.940161,SR_P58,"{-0.31, -0.3, -1.3}",Res_T10_58,0.157195
Standard_00534,Standard,SR_OriginPoint,"{0, 0, 0}",0.1,3.5,4,0.0534,3,5,2.187287,SR_P59,"{-0.31, 0.0, -1.3}",Res_T10_59,0.138755
Standard_00534,Standard,SR_OriginPoint,"{0, 0, 0}",0.1,3.5,4,0.0534,3,5,2.446268,SR_P60,"{-0.31, 0.3, -1.3}",Res_T10_60,0.123328
Standard_00534,Standard,SR_OriginPoint,"{0, 0, 0}",0.1,3.5,4,0.0534,3,5,2.713711,SR_P61,"{-0.31, 0.6, -1.3}",Res_T10_61,0.108132
Standard_00534,Standard,SR_OriginPoint,"{0, 0, 0}",0.1,3.5,4,0.0534,3,5,2.987344,SR_P62,"{-0.31, 0.9, -1.3}",Res_T10_62,0.096934
Standard_00534,Standard,SR_OriginPoint,"{0, 0, 0}",0.1,3.5,4,0.0534,3,5,3.265612,SR_P63,"{-0.31, 1.2, -1.3}",Res_T10_63,0.084308
Standard_00534,Standard,SR_OriginPoint,"{0, 0, 0}",0.1,3.5,4,0.0534,3,5,3.547425,SR_P64,"{-0.31, 1.5, -1.3}",Res_T10_64,0.063201
Standard_00534,Standard,SR_OriginPoint,"{0, 0, 0}",0.1,3.5,4,0.0534,3,5,3.832,SR_P65,"{-0.31, 1.8, -1.3}",Res_T10_65,0.065173
Standard_00534,Standard,SR_OriginPoint,"{0, 0, 0}",0.1,3.5,4,0.0534,3,5,1.126111,SR_P66,"{0.0, -1.8, -1.3}",Res_T10_66,0.157386
Standard_00534,Standard,SR_OriginPoint,"{0, 0, 0}",0.1,3.5,4,0.0534,3,5,1.178187,SR_P67,"{0.0, -1.5, -1.3}",Res_T10_67,0.279251
Standard_00534,Standard,SR_OriginPoint,"{0, 0, 0}",0.1,3.5,4,0.0534,3,5,1.299279,SR_P68,"{0.0, -1.2, -1.3}",Res_T10_68,0.281835
Standard_00534,Standard,SR_OriginPoint,"{0, 0, 0}",0.1,3.5,4,0.0534,3,5,1.472455,SR_P69,"{0.0, -0.9, -1.3}",Res_T10_69,0.231197
Standard_00534,Standard,SR_OriginPoint,"{0, 0, 0}",0.1,3.5,4,0.0534,3,5,1.681703,SR_P70,"{0.0, -0.6, -1.3}",Res_T10_70,0.190541
Standard_00534,Standard,SR_OriginPoint,"{0, 0, 0}",0.1,3.5,4,0.0534,3,5,1.915235,SR_P71,"{0.0, -0.3, -1.3}",Res_T10_71,0.159103
Standard_00534,Standard,SR_OriginPoint,"{0, 0, 0}",0.1,3.5,4,0.0534,3,5,2.165208,SR_P72,"{0.0, 0.0, -1.3}",Res_T10_72,0.139482
Standard_00534,Standard,SR_OriginPoint,"{0, 0, 0}",0.1,3.5,4,0.0534,3,5,2.426546,SR_P73,"{0.0, 0.3, -1.3}",Res_T10_73,0.123158
Standard_00534,Standard,SR_OriginPoint,"{0, 0, 0}",0.1,3.5,4,0.0534,3,5,2.695946,SR_P74,"{0.0, 0.6, -1.3}",Res_T10_74,0.107074
Standard_00534,Standard,SR_OriginPoint,"{0, 0, 0}",0.1,3.5,4,0.0534,3,5,2.971216,SR_P75,"{0.0, 0.9, -1.3}",Res_T10_75,0.095145
Standard_00534,Standard,SR_OriginPoint,"{0, 0, 0}",0.1,3.5,4,0.0534,3,5,3.250865,SR_P76,"{0.0, 1.2, -1.3}",Res_T10_76,0.081751
Standard_00534,Standard,SR_OriginPoint,"{0, 0, 0}",0.1,3.5,4,0.0534,3,5,3.533854,SR_P77,"{0.0, 1.5, -1.3}",Res_T10_77,0.057619
Standard_00534,Standard,SR_OriginPoint,"{0, 0, 0}",0.1,3.5,4,0.0534,3,5,3.81944,SR_P78,"{0.0, 1.8, -1.3}",Res_T10_78,0.053022
Standard_00534,Standard,SR_OriginPoint,"{0, 0, 0}",0.1,3.5,4,0.0534,3,5,1.168,SR_P79,"{0.31, -1.8, -1.3}",Res_T10_79,0.228835
Standard_00534,Standard,SR_OriginPoint,"{0, 0, 0}",0.1,3.5,4,0.0534,3,5,1.218288,SR_P80,"{0.31, -1.5, -1.3}",Res_T10_80,0.281148
Standard_00534,Standard,SR_OriginPoint,"{0, 0, 0}",0.1,3.5,4,0.0534,3,5,1.335749,SR_P81,"{0.31, -1.2, -1.3}",Res_T10_81,0.264686
Standard_00534,Standard,SR_OriginPoint,"{0, 0, 0}",0.1,3.5,4,0.0534,3,5,1.504734,SR_P82,"{0.31, -0.9, -1.3}",Res_T10_82,0.222501
Standard_00534,Standard,SR_OriginPoint,"{0, 0, 0}",0.1,3.5,4,0.0534,3,5,1.710037,SR_P83,"{0.31, -0.6, -1.3}",Res_T10_83,0.187806
Standard_00534,Standard,SR_OriginPoint,"{0, 0, 0}",0.1,3.5,4,0.0534,3,5,1.940161,SR_P84,"{0.31, -0.3, -1.3}",Res_T10_84,0.159225
Standard_00534,Standard,SR_OriginPoint,"{0, 0, 0}",0.1,3.5,4,0.0534,3,5,2.187287,SR_P85,"{0.31, 0.0, -1.3}",Res_T10_85,0.140582
Standard_00534,Standard,SR_OriginPoint,"{0, 0, 0}",0.1,3.5,4,0.0534,3,5,2.446268,SR_P86,"{0.31, 0.3, -1.3}",Res_T10_86,0.125232
Standard_00534,Standard,SR_OriginPoint,"{0, 0, 0}",0.1,3.5,4,0.0534,3,5,2.713711,SR_P87,"{0.31, 0.6, -1.3}",Res_T10_87,0.110263
Standard_00534,Standard,SR_OriginPoint,"{0, 0, 0}",0.1,3.5,4,0.0534,3,5,2.987344,SR_P88,"{0.31, 0.9, -1.3}",Res_T10_88,0.099284
Standard_00534,Standard,SR_OriginPoint,"{0, 0, 0}",0.1,3.5,4,0.0534,3,5,3.265612,SR_P89,"{0.31, 1.2, -1.3}",Res_T10_89,0.087133
Standard_00534,Standard,SR_OriginPoint,"{0, 0, 0}",0.1,3.5,4,0.0534,3,5,3.547425,SR_P90,"{0.31, 1.5, -1.3}",Res_T10_90,0.068288
Standard_00534,Standard,SR_OriginPoint,"{0, 0, 0}",0.1,3.5,4,0.0534,3,5,3.832,SR_P91,"{0.31, 1.8, -1.3}",Res_T10_91,0.070659
Standard_00534,Standard,SR_OriginPoint,"{0, 0, 0}",0.1,3.5,4,0.0534,3,5,1.285506,SR_P92,"{0.62, -1.8, -1.3}",Res_T10_92,0.224194
Standard_00534,Standard,SR_OriginPoint,"{0, 0, 0}",0.1,3.5,4,0.0534,3,5,1.331362,SR_P93,"{0.62, -1.5, -1.3}",Res_T10_93,0.224758
Standard_00534,Standard,SR_OriginPoint,"{0, 0, 0}",0.1,3.5,4,0.0534,3,5,1.439627,SR_P94,"{0.62, -1.2, -1.3}",Res_T10_94,0.215754
Standard_00534,Standard,SR_OriginPoint,"{0, 0, 0}",0.1,3.5,4,0.0534,3,5,1.597662,SR_P95,"{0.62, -0.9, -1.3}",Res_T10_95,0.193762
Standard_00534,Standard,SR_OriginPoint,"{0, 0, 0}",0.1,3.5,4,0.0534,3,5,1.792352,SR_P96,"{0.62, -0.6, -1.3}",Res_T10_96,0.172479
Standard_00534,Standard,SR_OriginPoint,"{0, 0, 0}",0.1,3.5,4,0.0534,3,5,2.013088,SR_P97,"{0.62, -0.3, -1.3}",Res_T10_97,0.151902
Standard_00534,Standard,SR_OriginPoint,"{0, 0, 0}",0.1,3.5,4,0.0534,3,5,2.252227,SR_P98,"{0.62, 0.0, -1.3}",Res_T10_98,0.137497
Standard_00534,Standard,SR_OriginPoint,"{0, 0, 0}",0.1,3.5,4,0.0534,3,5,2.504501,SR_P99,"{0.62, 0.3, -1.3}",Res_T10_99,0.12584
Standard_00534,Standard,SR_OriginPoint,"{0, 0, 0}",0.1,3.5,4,0.0534,3,5,2.76632,SR_P100,"{0.62, 0.6, -1.3}",Res_T10_100,0.114652
Standard_00534,Standard,SR_OriginPoint,"{0, 0, 0}",0.1,3.5,4,0.0534,3,5,3.035214,SR_P101,"{0.62, 0.9, -1.3}",Res_T10_101,0.106114
Standard_00534,Standard,SR_OriginPoint,"{0, 0, 0}",0.1,3.5,4,0.0534,3,5,3.30946,SR_P102,"{0.62, 1.2, -1.3}",Res_T10_102,0.095786
Standard_00534,Standard,SR_OriginPoint,"{0, 0, 0}",0.1,3.5,4,0.0534,3,5,3.58783,SR_P103,"{0.62, 1.5, -1.3}",Res_T10_103,0.078889
Standard_00534,Standard,SR_OriginPoint,"{0, 0, 0}",0.1,3.5,4,0.0534,3,5,3.869435,SR_P104,"{0.62, 1.8, -1.3}",Res_T10_104,0.076013
Standard_00534,Standard,SR_OriginPoint,"{0, 0, 0}",0.1,3.5,4,0.0534,3,5,1.460488,SR_P105,"{0.93, -1.8, -1.3}",Res_T10_105,0.204954
Standard_00534,Standard,SR_OriginPoint,"{0, 0, 0}",0.1,3.5,4,0.0534,3,5,1.501008,SR_P106,"{0.93, -1.5, -1.3}",Res_T10_106,0.174412
Standard_00534,Standard,SR_OriginPoint,"{0, 0, 0}",0.1,3.5,4,0.0534,3,5,1.597819,SR_P107,"{0.93, -1.2, -1.3}",Res_T10_107,0.172216
Standard_00534,Standard,SR_OriginPoint,"{0, 0, 0}",0.1,3.5,4,0.0534,3,5,1.741558,SR_P108,"{0.93, -0.9, -1.3}",Res_T10_108,0.163121
Standard_00534,Standard,SR_OriginPoint,"{0, 0, 0}",0.1,3.5,4,0.0534,3,5,1.921724,SR_P109,"{0.93, -0.6, -1.3}",Res_T10_109,0.151987
Standard_00534,Standard,SR_OriginPoint,"{0, 0, 0}",0.1,3.5,4,0.0534,3,5,2.12909,SR_P110,"{0.93, -0.3, -1.3}",Res_T10_110,0.139805
Standard_00534,Standard,SR_OriginPoint,"{0, 0, 0}",0.1,3.5,4,0.0534,3,5,2.356486,SR_P111,"{0.93, 0.0, -1.3}",Res_T10_111,0.131295
Standard_00534,Standard,SR_OriginPoint,"{0, 0, 0}",0.1,3.5,4,0.0534,3,5,2.598658,SR_P112,"{0.93, 0.3, -1.3}",Res_T10_112,0.124464
Standard_00534,Standard,SR_OriginPoint,"{0, 0, 0}",0.1,3.5,4,0.0534,3,5,2.851846,SR_P113,"{0.93, 0.6, -1.3}",Res_T10_113,0.117745
Standard_00534,Standard,SR_OriginPoint,"{0, 0, 0}",0.1,3.5,4,0.0534,3,5,3.113362,SR_P114,"{0.93, 0.9, -1.3}",Res_T10_114,0.110839
Standard_00534,Standard,SR_OriginPoint,"{0, 0, 0}",0.1,3.5,4,0.0534,3,5,3.381276,SR_P115,"{0.93, 1.2, -1.3}",Res_T10_115,0.101226
Standard_00534,Standard,SR_OriginPoint,"{0, 0, 0}",0.1,3.5,4,0.0534,3,5,3.654179,SR_P116,"{0.93, 1.5, -1.3}",Res_T10_116,0.083285
Standard_00534,Standard,SR_OriginPoint,"{0, 0, 0}",0.1,3.5,4,0.0534,3,5,3.931034,SR_P117,"{0.93, 1.8, -1.3}",Res_T10_117,0.075343
Standard_00534,Standard,SR_OriginPoint,"{0, 0, 0}",0.1,3.5,4,0.0534,3,5,1.67503,SR_P118,"{1.24, -1.8, -1.3}",Res_T10_118,0.187601
Standard_00534,Standard,SR_OriginPoint,"{0, 0, 0}",0.1,3.5,4,0.0534,3,5,1.710475,SR_P119,"{1.24, -1.5, -1.3}",Res_T10_119,0.1381
Standard_00534,Standard,SR_OriginPoint,"{0, 0, 0}",0.1,3.5,4,0.0534,3,5,1.79603,SR_P120,"{1.24, -1.2, -1.3}",Res_T10_120,0.133941
Standard_00534,Standard,SR_OriginPoint,"{0, 0, 0}",0.1,3.5,4,0.0534,3,5,1.925026,SR_P121,"{1.24, -0.9, -1.3}",Res_T10_121,0.129804
Standard_00534,Standard,SR_OriginPoint,"{0, 0, 0}",0.1,3.5,4,0.0534,3,5,2.089432,SR_P122,"{1.24, -0.6, -1.3}",Res_T10_122,0.125464
Standard_00534,Standard,SR_OriginPoint,"{0, 0, 0}",0.1,3.5,4,0.0534,3,5,2.281606,SR_P123,"{1.24, -0.3, -1.3}",Res_T10_123,0.121808
Standard_00534,Standard,SR_OriginPoint,"{0, 0, 0}",0.1,3.5,4,0.0534,3,5,2.49514,SR_P124,"{1.24, 0.0, -1.3}",Res_T10_124,0.119905
Standard_00534,Standard,SR_OriginPoint,"{0, 0, 0}",0.1,3.5,4,0.0534,3,5,2.725018,SR_P125,"{1.24, 0.3, -1.3}",Res_T10_125,0.118224
Standard_00534,Standard,SR_OriginPoint,"{0, 0, 0}",0.1,3.5,4,0.0534,3,5,2.967444,SR_P126,"{1.24, 0.6, -1.3}",Res_T10_126,0.114323
Standard_00534,Standard,SR_OriginPoint,"{0, 0, 0}",0.1,3.5,4,0.0534,3,5,3.219585,SR_P127,"{1.24, 0.9, -1.3}",Res_T10_127,0.108043
Standard_00534,Standard,SR_OriginPoint,"{0, 0, 0}",0.1,3.5,4,0.0534,3,5,3.479328,SR_P128,"{1.24, 1.2, -1.3}",Res_T10_128,0.098616
Standard_00534,Standard,SR_OriginPoint,"{0, 0, 0}",0.1,3.5,4,0.0534,3,5,3.745093,SR_P129,"{1.24, 1.5, -1.3}",Res_T10_129,0.079784
Standard_00534,Standard,SR_OriginPoint,"{0, 0, 0}",0.1,3.5,4,0.0534,3,5,4.015685,SR_P130,"{1.24, 1.8, -1.3}",Res_T10_130,0.069371
Standard_00534,Standard,SR_OriginPoint,"{0, 0, 0}",0.1,3.5,4,0.0534,3,5,1.915888,SR_P131,"{1.55, -1.8, -1.3}",Res_T10_131,0.146512
Standard_00534,Standard,SR_OriginPoint,"{0, 0, 0}",0.1,3.5,4,0.0534,3,5,1.946953,SR_P132,"{1.55, -1.5, -1.3}",Res_T10_132,0.111829
Standard_00534,Standard,SR_OriginPoint,"{0, 0, 0}",0.1,3.5,4,0.0534,3,5,2.022529,SR_P133,"{1.55, -1.2, -1.3}",Res_T10_133,0.113455
Standard_00534,Standard,SR_OriginPoint,"{0, 0, 0}",0.1,3.5,4,0.0534,3,5,2.137902,SR_P134,"{1.55, -0.9, -1.3}",Res_T10_134,0.116545
Standard_00534,Standard,SR_OriginPoint,"{0, 0, 0}",0.1,3.5,4,0.0534,3,5,2.287056,SR_P135,"{1.55, -0.6, -1.3}",Res_T10_135,0.11805
Standard_00534,Standard,SR_OriginPoint,"{0, 0, 0}",0.1,3.5,4,0.0534,3,5,2.463864,SR_P136,"{1.55, -0.3, -1.3}",Res_T10_136,0.118857
Standard_00534,Standard,SR_OriginPoint,"{0, 0, 0}",0.1,3.5,4,0.0534,3,5,2.662823,SR_P137,"{1.55, 0.0, -1.3}",Res_T10_137,0.118963
Standard_00534,Standard,SR_OriginPoint,"{0, 0, 0}",0.1,3.5,4,0.0534,3,5,2.879345,SR_P138,"{1.55, 0.3, -1.3}",Res_T10_138,0.117906
Standard_00534,Standard,SR_OriginPoint,"{0, 0, 0}",0.1,3.5,4,0.0534,3,5,3.109763,SR_P139,"{1.55, 0.6, -1.3}",Res_T10_139,0.114832
Standard_00534,Standard,SR_OriginPoint,"{0, 0, 0}",0.1,3.5,4,0.0534,3,5,3.351212,SR_P140,"{1.55, 0.9, -1.3}",Res_T10_140,0.110234
Standard_00534,Standard,SR_OriginPoint,"{0, 0, 0}",0.1,3.5,4,0.0534,3,5,3.601475,SR_P141,"{1.55, 1.2, -1.3}",Res_T10_141,0.102815
Standard_00534,Standard,SR_OriginPoint,"{0, 0, 0}",0.1,3.5,4,0.0534,3,5,3.858837,SR_P142,"{1.55, 1.5, -1.3}",Res_T10_142,0.085651
Standard_00534,Standard,SR_OriginPoint,"{0, 0, 0}",0.1,3.5,4,0.0534,3,5,4.121969,SR_P143,"{1.55, 1.8, -1.3}",Res_T10_143,0.06809
Standard_00534,Standard,SR_OriginPoint,"{0, 0, 0}",1.1,3.5,4,0.0534,3,5,1.555836,SR_P144,"{-1.55, -1.8, -0.3}",Res_T10_144,0.044637
Standard_00534,Standard,SR_OriginPoint,"{0, 0, 0}",1.1,3.5,4,0.0534,3,5,1.593934,SR_P145,"{-1.55, -1.5, -0.3}",Res_T10_145,0.049151
Standard_00534,Standard,SR_OriginPoint,"{0, 0, 0}",1.1,3.5,4,0.0534,3,5,1.685415,SR_P146,"{-1.55, -1.2, -0.3}",Res_T10_146,0.060822
Standard_00534,Standard,SR_OriginPoint,"{0, 0, 0}",1.1,3.5,4,0.0534,3,5,1.822258,SR_P147,"{-1.55, -0.9, -0.3}",Res_T10_147,0.071484
Standard_00534,Standard,SR_OriginPoint,"{0, 0, 0}",1.1,3.5,4,0.0534,3,5,1.99515,SR_P148,"{-1.55, -0.6, -0.3}",Res_T10_148,0.077976
Standard_00534,Standard,SR_OriginPoint,"{0, 0, 0}",1.1,3.5,4,0.0534,3,5,2.195592,SR_P149,"{-1.55, -0.3, -0.3}",Res_T10_149,0.079526
Standard_00534,Standard,SR_OriginPoint,"{0, 0, 0}",1.1,3.5,4,0.0534,3,5,2.416739,SR_P150,"{-1.55, 0.0, -0.3}",Res_T10_150,0.07677
Standard_00534,Standard,SR_OriginPoint,"{0, 0, 0}",1.1,3.5,4,0.0534,3,5,2.653418,SR_P151,"{-1.55, 0.3, -0.3}",Res_T10_151,0.070792
Standard_00534,Standard,SR_OriginPoint,"{0, 0, 0}",1.1,3.5,4,0.0534,3,5,2.901831,SR_P152,"{-1.55, 0.6, -0.3}",Res_T10_152,0.058799
Standard_00534,Standard,SR_OriginPoint,"{0, 0, 0}",1.1,3.5,4,0.0534,3,5,3.159213,SR_P153,"{-1.55, 0.9, -0.3}",Res_T10_153,0.04785
Standard_00534,Standard,SR_OriginPoint,"{0, 0, 0}",1.1,3.5,4,0.0534,3,5,3.42354,SR_P154,"{-1.55, 1.2, -0.3}",Res_T10_154,0.03646
Standard_00534,Standard,SR_OriginPoint,"{0, 0, 0}",1.1,3.5,4,0.0534,3,5,3.693322,SR_P155,"{-1.55, 1.5, -0.3}",Res_T10_155,0.02343
Standard_00534,Standard,SR_OriginPoint,"{0, 0, 0}",1.1,3.5,4,0.0534,3,5,3.967446,SR_P156,"{-1.55, 1.8, -0.3}",Res_T10_156,0.010149
Standard_00534,Standard,SR_OriginPoint,"{0, 0, 0}",1.1,3.5,4,0.0534,3,5,1.247287,SR_P157,"{-1.24, -1.8, -0.3}",Res_T10_157,0.044291
Standard_00534,Standard,SR_OriginPoint,"{0, 0, 0}",1.1,3.5,4,0.0534,3,5,1.294498,SR_P158,"{-1.24, -1.5, -0.3}",Res_T10_158,0.047654
Standard_00534,Standard,SR_OriginPoint,"{0, 0, 0}",1.1,3.5,4,0.0534,3,5,1.405605,SR_P159,"{-1.24, -1.2, -0.3}",Res_T10_159,0.056723
Standard_00534,Standard,SR_OriginPoint,"{0, 0, 0}",1.1,3.5,4,0.0534,3,5,1.567075,SR_P160,"{-1.24, -0.9, -0.3}",Res_T10_160,0.065825
Standard_00534,Standard,SR_OriginPoint,"{0, 0, 0}",1.1,3.5,4,0.0534,3,5,1.765142,SR_P161,"{-1.24, -0.6, -0.3}",Res_T10_161,0.072213
Standard_00534,Standard,SR_OriginPoint,"{0, 0, 0}",1.1,3.5,4,0.0534,3,5,1.9889,SR_P162,"{-1.24, -0.3, -0.3}",Res_T10_162,0.074955
Standard_00534,Standard,SR_OriginPoint,"{0, 0, 0}",1.1,3.5,4,0.0534,3,5,2.230633,SR_P163,"{-1.24, 0.0, -0.3}",Res_T10_163,0.073911
Standard_00534,Standard,SR_OriginPoint,"{0, 0, 0}",1.1,3.5,4,0.0534,3,5,2.485101,SR_P164,"{-1.24, 0.3, -0.3}",Res_T10_164,0.069617
Standard_00534,Standard,SR_OriginPoint,"{0, 0, 0}",1.1,3.5,4,0.0534,3,5,2.748768,SR_P165,"{-1.24, 0.6, -0.3}",Res_T10_165,0.059959
Standard_00534,Standard,SR_OriginPoint,"{0, 0, 0}",1.1,3.5,4,0.0534,3,5,3.019226,SR_P166,"{-1.24, 0.9, -0.3}",Res_T10_166,0.051144
Standard_00534,Standard,SR_OriginPoint,"{0, 0, 0}",1.1,3.5,4,0.0534,3,5,3.294803,SR_P167,"{-1.24, 1.2, -0.3}",Res_T10_167,0.042646
Standard_00534,Standard,SR_OriginPoint,"{0, 0, 0}",1.1,3.5,4,0.0534,3,5,3.574315,SR_P168,"{-1.24, 1.5, -0.3}",Res_T10_168,0.035428
Standard_00534,Standard,SR_OriginPoint,"{0, 0, 0}",1.1,3.5,4,0.0534,3,5,3.856906,SR_P169,"{-1.24, 1.8, -0.3}",Res_T10_169,0.027931
Standard_00534,Standard,SR_OriginPoint,"{0, 0, 0}",1.1,3.5,4,0.0534,3,5,0.939694,SR_P170,"{-0.93, -1.8, -0.3}",Res_T10_170,0.04555
Standard_00534,Standard,SR_OriginPoint,"{0, 0, 0}",1.1,3.5,4,0.0534,3,5,1.001511,SR_P171,"{-0.93, -1.5, -0.3}",Res_T10_171,0.049125
Standard_00534,Standard,SR_OriginPoint,"{0, 0, 0}",1.1,3.5,4,0.0534,3,5,1.141501,SR_P172,"{-0.93, -1.2, -0.3}",Res_T10_172,0.056407
Standard_00534,Standard,SR_OriginPoint,"{0, 0, 0}",1.1,3.5,4,0.0534,3,5,1.3353,SR_P173,"{-0.93, -0.9, -0.3}",Res_T10_173,0.064275
Standard_00534,Standard,SR_OriginPoint,"{0, 0, 0}",1.1,3.5,4,0.0534,3,5,1.563018,SR_P174,"{-0.93, -0.6, -0.3}",Res_T10_174,0.07065
Standard_00534,Standard,SR_OriginPoint,"{0, 0, 0}",1.1,3.5,4,0.0534,3,5,1.811912,SR_P175,"{-0.93, -0.3, -0.3}",Res_T10_175,0.074228
Standard_00534,Standard,SR_OriginPoint,"{0, 0, 0}",1.1,3.5,4,0.0534,3,5,2.074373,SR_P176,"{-0.93, 0.0, -0.3}",Res_T10_176,0.074323
Standard_00534,Standard,SR_OriginPoint,"{0, 0, 0}",1.1,3.5,4,0.0534,3,5,2.345853,SR_P177,"{-0.93, 0.3, -0.3}",Res_T10_177,0.071169
Standard_00534,Standard,SR_OriginPoint,"{0, 0, 0}",1.1,3.5,4,0.0534,3,5,2.623552,SR_P178,"{-0.93, 0.6, -0.3}",Res_T10_178,0.063263
Standard_00534,Standard,SR_OriginPoint,"{0, 0, 0}",1.1,3.5,4,0.0534,3,5,2.905688,SR_P179,"{-0.93, 0.9, -0.3}",Res_T10_179,0.0562
Standard_00534,Standard,SR_OriginPoint,"{0, 0, 0}",1.1,3.5,4,0.0534,3,5,3.191085,SR_P180,"{-0.93, 1.2, -0.3}",Res_T10_180,0.050129
Standard_00534,Standard,SR_OriginPoint,"{0, 0, 0}",1.1,3.5,4,0.0534,3,5,3.47894,SR_P181,"{-0.93, 1.5, -0.3}",Res_T10_181,0.046444
Standard_00534,Standard,SR_OriginPoint,"{0, 0, 0}",1.1,3.5,4,0.0534,3,5,3.76869,SR_P182,"{-0.93, 1.8, -0.3}",Res_T10_182,0.039244
Standard_00534,Standard,SR_OriginPoint,"{0, 0, 0}",1.1,3.5,4,0.0534,3,5,0.634449,SR_P183,"{-0.62, -1.8, -0.3}",Res_T10_183,0.048712
Standard_00534,Standard,SR_OriginPoint,"{0, 0, 0}",1.1,3.5,4,0.0534,3,5,0.722859,SR_P184,"{-0.62, -1.5, -0.3}",Res_T10_184,0.054712
Standard_00534,Standard,SR_OriginPoint,"{0, 0, 0}",1.1,3.5,4,0.0534,3,5,0.906932,SR_P185,"{-0.62, -1.2, -0.3}",Res_T10_185,0.059869
Standard_00534,Standard,SR_OriginPoint,"{0, 0, 0}",1.1,3.5,4,0.0534,3,5,1.141282,SR_P186,"{-0.62, -0.9, -0.3}",Res_T10_186,0.066422
Standard_00534,Standard,SR_OriginPoint,"{0, 0, 0}",1.1,3.5,4,0.0534,3,5,1.400901,SR_P187,"{-0.62, -0.6, -0.3}",Res_T10_187,0.072396
Standard_00534,Standard,SR_OriginPoint,"{0, 0, 0}",1.1,3.5,4,0.0534,3,5,1.674074,SR_P188,"{-0.62, -0.3, -0.3}",Res_T10_188,0.076013
Standard_00534,Standard,SR_OriginPoint,"{0, 0, 0}",1.1,3.5,4,0.0534,3,5,1.955128,SR_P189,"{-0.62, 0.0, -0.3}",Res_T10_189,0.076317
Standard_00534,Standard,SR_OriginPoint,"{0, 0, 0}",1.1,3.5,4,0.0534,3,5,2.241099,SR_P190,"{-0.62, 0.3, -0.3}",Res_T10_190,0.073505
Standard_00534,Standard,SR_OriginPoint,"{0, 0, 0}",1.1,3.5,4,0.0534,3,5,2.530321,SR_P191,"{-0.62, 0.6, -0.3}",Res_T10_191,0.066574
Standard_00534,Standard,SR_OriginPoint,"{0, 0, 0}",1.1,3.5,4,0.0534,3,5,2.821795,SR_P192,"{-0.62, 0.9, -0.3}",Res_T10_192,0.060834
Standard_00534,Standard,SR_OriginPoint,"{0, 0, 0}",1.1,3.5,4,0.0534,3,5,3.114888,SR_P193,"{-0.62, 1.2, -0.3}",Res_T10_193,0.056396
Standard_00534,Standard,SR_OriginPoint,"{0, 0, 0}",1.1,3.5,4,0.0534,3,5,3.409182,SR_P194,"{-0.62, 1.5, -0.3}",Res_T10_194,0.053353
Standard_00534,Standard,SR_OriginPoint,"{0, 0, 0}",1.1,3.5,4,0.0534,3,5,3.704393,SR_P195,"{-0.62, 1.8, -0.3}",Res_T10_195,0.043608
Standard_00534,Standard,SR_OriginPoint,"{0, 0, 0}",1.1,3.5,4,0.0534,3,5,0.337972,SR_P196,"{-0.31, -1.8, -0.3}",Res_T10_196,0.049963
Standard_00534,Standard,SR_OriginPoint,"{0, 0, 0}",1.1,3.5,4,0.0534,3,5,0.483968,SR_P197,"{-0.31, -1.5, -0.3}",Res_T10_197,0.061937
Standard_00534,Standard,SR_OriginPoint,"{0, 0, 0}",1.1,3.5,4,0.0534,3,5,0.730907,SR_P198,"{-0.31, -1.2, -0.3}",Res_T10_198,0.065295
Standard_00534,Standard,SR_OriginPoint,"{0, 0, 0}",1.1,3.5,4,0.0534,3,5,1.007087,SR_P199,"{-0.31, -0.9, -0.3}",Res_T10_199,0.070441
Standard_00534,Standard,SR_OriginPoint,"{0, 0, 0}",1.1,3.5,4,0.0534,3,5,1.293918,SR_P200,"{-0.31, -0.6, -0.3}",Res_T10_200,0.075611
Standard_00534,Standard,SR_OriginPoint,"{0, 0, 0}",1.1,3.5,4,0.0534,3,5,1.585631,SR_P201,"{-0.31, -0.3, -0.3}",Res_T10_201,0.078598
Standard_00534,Standard,SR_OriginPoint,"{0, 0, 0}",1.1,3.5,4,0.0534,3,5,1.879953,SR_P202,"{-0.31, 0.0, -0.3}",Res_T10_202,0.078454
Standard_00534,Standard,SR_OriginPoint,"{0, 0, 0}",1.1,3.5,4,0.0534,3,5,2.175827,SR_P203,"{-0.31, 0.3, -0.3}",Res_T10_203,0.075672
Standard_00534,Standard,SR_OriginPoint,"{0, 0, 0}",1.1,3.5,4,0.0534,3,5,2.472696,SR_P204,"{-0.31, 0.6, -0.3}",Res_T10_204,0.069981
Standard_00534,Standard,SR_OriginPoint,"{0, 0, 0}",1.1,3.5,4,0.0534,3,5,2.770239,SR_P205,"{-0.31, 0.9, -0.3}",Res_T10_205,0.06611
Standard_00534,Standard,SR_OriginPoint,"{0, 0, 0}",1.1,3.5,4,0.0534,3,5,3.068261,SR_P206,"{-0.31, 1.2, -0.3}",Res_T10_206,0.062627
Standard_00534,Standard,SR_OriginPoint,"{0, 0, 0}",1.1,3.5,4,0.0534,3,5,3.366634,SR_P207,"{-0.31, 1.5, -0.3}",Res_T10_207,0.054142
Standard_00534,Standard,SR_OriginPoint,"{0, 0, 0}",1.1,3.5,4,0.0534,3,5,3.665273,SR_P208,"{-0.31, 1.8, -0.3}",Res_T10_208,0.039226
Standard_00534,Standard,SR_OriginPoint,"{0, 0, 0}",1.1,3.5,4,0.0534,3,5,0.134629,SR_P209,"{0.0, -1.8, -0.3}",Res_T10_209,0.203522
Standard_00534,Standard,SR_OriginPoint,"{0, 0, 0}",1.1,3.5,4,0.0534,3,5,0.371652,SR_P210,"{0.0, -1.5, -0.3}",Res_T10_210,0.059091
Standard_00534,Standard,SR_OriginPoint,"{0, 0, 0}",1.1,3.5,4,0.0534,3,5,0.66191,SR_P211,"{0.0, -1.2, -0.3}",Res_T10_211,0.066249
Standard_00534,Standard,SR_OriginPoint,"{0, 0, 0}",1.1,3.5,4,0.0534,3,5,0.958188,SR_P212,"{0.0, -0.9, -0.3}",Res_T10_212,0.071378
Standard_00534,Standard,SR_OriginPoint,"{0, 0, 0}",1.1,3.5,4,0.0534,3,5,1.256234,SR_P213,"{0.0, -0.6, -0.3}",Res_T10_213,0.076312
Standard_00534,Standard,SR_OriginPoint,"{0, 0, 0}",1.1,3.5,4,0.0534,3,5,1.555032,SR_P214,"{0.0, -0.3, -0.3}",Res_T10_214,0.07904
Standard_00534,Standard,SR_OriginPoint,"{0, 0, 0}",1.1,3.5,4,0.0534,3,5,1.854218,SR_P215,"{0.0, 0.0, -0.3}",Res_T10_215,0.078756
Standard_00534,Standard,SR_OriginPoint,"{0, 0, 0}",1.1,3.5,4,0.0534,3,5,2.153631,SR_P216,"{0.0, 0.3, -0.3}",Res_T10_216,0.076053
Standard_00534,Standard,SR_OriginPoint,"{0, 0, 0}",1.1,3.5,4,0.0534,3,5,2.453187,SR_P217,"{0.0, 0.6, -0.3}",Res_T10_217,0.070991
Standard_00534,Standard,SR_OriginPoint,"{0, 0, 0}",1.1,3.5,4,0.0534,3,5,2.752839,SR_P218,"{0.0, 0.9, -0.3}",Res_T10_218,0.067769
Standard_00534,Standard,SR_OriginPoint,"{0, 0, 0}",1.1,3.5,4,0.0534,3,5,3.05256,SR_P219,"{0.0, 1.2, -0.3}",Res_T10_219,0.06347
Standard_00534,Standard,SR_OriginPoint,"{0, 0, 0}",1.1,3.5,4,0.0534,3,5,3.352331,SR_P220,"{0.0, 1.5, -0.3}",Res_T10_220,0.050555
Standard_00534,Standard,SR_OriginPoint,"{0, 0, 0}",1.1,3.5,4,0.0534,3,5,3.65214,SR_P221,"{0.0, 1.8, -0.3}",Res_T10_221,0.063192
Standard_00534,Standard,SR_OriginPoint,"{0, 0, 0}",1.1,3.5,4,0.0534,3,5,0.337972,SR_P222,"{0.31, -1.8, -0.3}",Res_T10_222,0.058994
Standard_00534,Standard,SR_OriginPoint,"{0, 0, 0}",1.1,3.5,4,0.0534,3,5,0.483968,SR_P223,"{0.31, -1.5, -0.3}",Res_T10_223,0.061786
Standard_00534,Standard,SR_OriginPoint,"{0, 0, 0}",1.1,3.5,4,0.0534,3,5,0.730907,SR_P224,"{0.31, -1.2, -0.3}",Res_T10_224,0.06504
Standard_00534,Standard,SR_OriginPoint,"{0, 0, 0}",1.1,3.5,4,0.0534,3,5,1.007087,SR_P225,"{0.31, -0.9, -0.3}",Res_T10_225,0.069984
Standard_00534,Standard,SR_OriginPoint,"{0, 0, 0}",1.1,3.5,4,0.0534,3,5,1.293918,SR_P226,"{0.31, -0.6, -0.3}",Res_T10_226,0.075147
Standard_00534,Standard,SR_OriginPoint,"{0, 0, 0}",1.1,3.5,4,0.0534,3,5,1.585631,SR_P227,"{0.31, -0.3, -0.3}",Res_T10_227,0.078164
Standard_00534,Standard,SR_OriginPoint,"{0, 0, 0}",1.1,3.5,4,0.0534,3,5,1.879953,SR_P228,"{0.31, 0.0, -0.3}",Res_T10_228,0.07806
Standard_00534,Standard,SR_OriginPoint,"{0, 0, 0}",1.1,3.5,4,0.0534,3,5,2.175827,SR_P229,"{0.31, 0.3, -0.3}",Res_T10_229,0.07527
Standard_00534,Standard,SR_OriginPoint,"{0, 0, 0}",1.1,3.5,4,0.0534,3,5,2.472696,SR_P230,"{0.31, 0.6, -0.3}",Res_T10_230,0.069528
Standard_00534,Standard,SR_OriginPoint,"{0, 0, 0}",1.1,3.5,4,0.0534,3,5,2.770239,SR_P231,"{0.31, 0.9, -0.3}",Res_T10_231,0.065545
Standard_00534,Standard,SR_OriginPoint,"{0, 0, 0}",1.1,3.5,4,0.0534,3,5,3.068261,SR_P232,"{0.31, 1.2, -0.3}",Res_T10_232,0.061872
Standard_00534,Standard,SR_OriginPoint,"{0, 0, 0}",1.1,3.5,4,0.0534,3,5,3.366634,SR_P233,"{0.31, 1.5, -0.3}",Res_T10_233,0.053893
Standard_00534,Standard,SR_OriginPoint,"{0, 0, 0}",1.1,3.5,4,0.0534,3,5,3.665273,SR_P234,"{0.31, 1.8, -0.3}",Res_T10_234,0.031933
Standard_00534,Standard,SR_OriginPoint,"{0, 0, 0}",1.1,3.5,4,0.0534,3,5,0.634449,SR_P235,"{0.62, -1.8, -0.3}",Res_T10_235,0.046945
Standard_00534,Standard,SR_OriginPoint,"{0, 0, 0}",1.1,3.5,4,0.0534,3,5,0.722859,SR_P236,"{0.62, -1.5, -0.3}",Res_T10_236,0.054585
Standard_00534,Standard,SR_OriginPoint,"{0, 0, 0}",1.1,3.5,4,0.0534,3,5,0.906932,SR_P237,"{0.62, -1.2, -0.3}",Res_T10_237,0.059472
Standard_00534,Standard,SR_OriginPoint,"{0, 0, 0}",1.1,3.5,4,0.0534,3,5,1.141282,SR_P238,"{0.62, -0.9, -0.3}",Res_T10_238,0.065855
Standard_00534,Standard,SR_OriginPoint,"{0, 0, 0}",1.1,3.5,4,0.0534,3,5,1.400901,SR_P239,"{0.62, -0.6, -0.3}",Res_T10_239,0.071932
Standard_00534,Standard,SR_OriginPoint,"{0, 0, 0}",1.1,3.5,4,0.0534,3,5,1.674074,SR_P240,"{0.62, -0.3, -0.3}",Res_T10_240,0.075753
Standard_00534,Standard,SR_OriginPoint,"{0, 0, 0}",1.1,3.5,4,0.0534,3,5,1.955128,SR_P241,"{0.62, 0.0, -0.3}",Res_T10_241,0.076184
Standard_00534,Standard,SR_OriginPoint,"{0, 0, 0}",1.1,3.5,4,0.0534,3,5,2.241099,SR_P242,"{0.62, 0.3, -0.3}",Res_T10_242,0.073366
Standard_00534,Standard,SR_OriginPoint,"{0, 0, 0}",1.1,3.5,4,0.0534,3,5,2.530321,SR_P243,"{0.62, 0.6, -0.3}",Res_T10_243,0.066117
Standard_00534,Standard,SR_OriginPoint,"{0, 0, 0}",1.1,3.5,4,0.0534,3,5,2.821795,SR_P244,"{0.62, 0.9, -0.3}",Res_T10_244,0.059757
Standard_00534,Standard,SR_OriginPoint,"{0, 0, 0}",1.1,3.5,4,0.0534,3,5,3.114888,SR_P245,"{0.62, 1.2, -0.3}",Res_T10_245,0.054092
Standard_00534,Standard,SR_OriginPoint,"{0, 0, 0}",1.1,3.5,4,0.0534,3,5,3.409182,SR_P246,"{0.62, 1.5, -0.3}",Res_T10_246,0.049661
Standard_00534,Standard,SR_OriginPoint,"{0, 0, 0}",1.1,3.5,4,0.0534,3,5,3.704393,SR_P247,"{0.62, 1.8, -0.3}",Res_T10_247,0.042711
Standard_00534,Standard,SR_OriginPoint,"{0, 0, 0}",1.1,3.5,4,0.0534,3,5,0.939694,SR_P248,"{0.93, -1.8, -0.3}",Res_T10_248,0.044532
Standard_00534,Standard,SR_OriginPoint,"{0, 0, 0}",1.1,3.5,4,0.0534,3,5,1.001511,SR_P249,"{0.93, -1.5, -0.3}",Res_T10_249,0.048832
Standard_00534,Standard,SR_OriginPoint,"{0, 0, 0}",1.1,3.5,4,0.0534,3,5,1.141501,SR_P250,"{0.93, -1.2, -0.3}",Res_T10_250,0.055979
Standard_00534,Standard,SR_OriginPoint,"{0, 0, 0}",1.1,3.5,4,0.0534,3,5,1.3353,SR_P251,"{0.93, -0.9, -0.3}",Res_T10_251,0.063775
Standard_00534,Standard,SR_OriginPoint,"{0, 0, 0}",1.1,3.5,4,0.0534,3,5,1.563018,SR_P252,"{0.93, -0.6, -0.3}",Res_T10_252,0.070366
Standard_00534,Standard,SR_OriginPoint,"{0, 0, 0}",1.1,3.5,4,0.0534,3,5,1.811912,SR_P253,"{0.93, -0.3, -0.3}",Res_T10_253,0.074332
Standard_00534,Standard,SR_OriginPoint,"{0, 0, 0}",1.1,3.5,4,0.0534,3,5,2.074373,SR_P254,"{0.93, 0.0, -0.3}",Res_T10_254,0.074763
Standard_00534,Standard,SR_OriginPoint,"{0, 0, 0}",1.1,3.5,4,0.0534,3,5,2.345853,SR_P255,"{0.93, 0.3, -0.3}",Res_T10_255,0.071767
Standard_00534,Standard,SR_OriginPoint,"{0, 0, 0}",1.1,3.5,4,0.0534,3,5,2.623552,SR_P256,"{0.93, 0.6, -0.3}",Res_T10_256,0.063616
Standard_00534,Standard,SR_OriginPoint,"{0, 0, 0}",1.1,3.5,4,0.0534,3,5,2.905688,SR_P257,"{0.93, 0.9, -0.3}",Res_T10_257,0.055792
Standard_00534,Standard,SR_OriginPoint,"{0, 0, 0}",1.1,3.5,4,0.0534,3,5,3.191085,SR_P258,"{0.93, 1.2, -0.3}",Res_T10_258,0.048143
Standard_00534,Standard,SR_OriginPoint,"{0, 0, 0}",1.1,3.5,4,0.0534,3,5,3.47894,SR_P259,"{0.93, 1.5, -0.3}",Res_T10_259,0.042539
Standard_00534,Standard,SR_OriginPoint,"{0, 0, 0}",1.1,3.5,4,0.0534,3,5,3.76869,SR_P260,"{0.93, 1.8, -0.3}",Res_T10_260,0.038184
Standard_00534,Standard,SR_OriginPoint,"{0, 0, 0}",1.1,3.5,4,0.0534,3,5,1.247287,SR_P261,"{1.24, -1.8, -0.3}",Res_T10_261,0.04364
Standard_00534,Standard,SR_OriginPoint,"{0, 0, 0}",1.1,3.5,4,0.0534,3,5,1.294498,SR_P262,"{1.24, -1.5, -0.3}",Res_T10_262,0.047402
Standard_00534,Standard,SR_OriginPoint,"{0, 0, 0}",1.1,3.5,4,0.0534,3,5,1.405605,SR_P263,"{1.24, -1.2, -0.3}",Res_T10_263,0.056313
Standard_00534,Standard,SR_OriginPoint,"{0, 0, 0}",1.1,3.5,4,0.0534,3,5,1.567075,SR_P264,"{1.24, -0.9, -0.3}",Res_T10_264,0.0653
Standard_00534,Standard,SR_OriginPoint,"{0, 0, 0}",1.1,3.5,4,0.0534,3,5,1.765142,SR_P265,"{1.24, -0.6, -0.3}",Res_T10_265,0.071915
Standard_00534,Standard,SR_OriginPoint,"{0, 0, 0}",1.1,3.5,4,0.0534,3,5,1.9889,SR_P266,"{1.24, -0.3, -0.3}",Res_T10_266,0.075177
Standard_00534,Standard,SR_OriginPoint,"{0, 0, 0}",1.1,3.5,4,0.0534,3,5,2.230633,SR_P267,"{1.24, 0.0, -0.3}",Res_T10_267,0.074701
Standard_00534,Standard,SR_OriginPoint,"{0, 0, 0}",1.1,3.5,4,0.0534,3,5,2.485101,SR_P268,"{1.24, 0.3, -0.3}",Res_T10_268,0.070837
Standard_00534,Standard,SR_OriginPoint,"{0, 0, 0}",1.1,3.5,4,0.0534,3,5,2.748768,SR_P269,"{1.24, 0.6, -0.3}",Res_T10_269,0.061293
Standard_00534,Standard,SR_OriginPoint,"{0, 0, 0}",1.1,3.5,4,0.0534,3,5,3.019226,SR_P270,"{1.24, 0.9, -0.3}",Res_T10_270,0.051994
Standard_00534,Standard,SR_OriginPoint,"{0, 0, 0}",1.1,3.5,4,0.0534,3,5,3.294803,SR_P271,"{1.24, 1.2, -0.3}",Res_T10_271,0.042325
Standard_00534,Standard,SR_OriginPoint,"{0, 0, 0}",1.1,3.5,4,0.0534,3,5,3.574315,SR_P272,"{1.24, 1.5, -0.3}",Res_T10_272,0.033811
Standard_00534,Standard,SR_OriginPoint,"{0, 0, 0}",1.1,3.5,4,0.0534,3,5,3.856906,SR_P273,"{1.24, 1.8, -0.3}",Res_T10_273,0.027248
Standard_00534,Standard,SR_OriginPoint,"{0, 0, 0}",1.1,3.5,4,0.0534,3,5,1.555836,SR_P274,"{1.55, -1.8, -0.3}",Res_T10_274,0.04415
Standard_00534,Standard,SR_OriginPoint,"{0, 0, 0}",1.1,3.5,4,0.0534,3,5,1.593934,SR_P275,"{1.55, -1.5, -0.3}",Res_T10_275,0.049071
Standard_00534,Standard,SR_OriginPoint,"{0, 0, 0}",1.1,3.5,4,0.0534,3,5,1.685415,SR_P276,"{1.55, -1.2, -0.3}",Res_T10_276,0.060467
Standard_00534,Standard,SR_OriginPoint,"{0, 0, 0}",1.1,3.5,4,0.0534,3,5,1.822258,SR_P277,"{1.55, -0.9, -0.3}",Res_T10_277,0.070819
Standard_00534,Standard,SR_OriginPoint,"{0, 0, 0}",1.1,3.5,4,0.0534,3,5,1.99515,SR_P278,"{1.55, -0.6, -0.3}",Res_T10_278,0.077398
Standard_00534,Standard,SR_OriginPoint,"{0, 0, 0}",1.1,3.5,4,0.0534,3,5,2.195592,SR_P279,"{1.55, -0.3, -0.3}",Res_T10_279,0.079449
Standard_00534,Standard,SR_OriginPoint,"{0, 0, 0}",1.1,3.5,4,0.0534,3,5,2.416739,SR_P280,"{1.55, 0.0, -0.3}",Res_T10_280,0.077381
Standard_00534,Standard,SR_OriginPoint,"{0, 0, 0}",1.1,3.5,4,0.0534,3,5,2.653418,SR_P281,"{1.55, 0.3, -0.3}",Res_T10_281,0.072069
Standard_00534,Standard,SR_OriginPoint,"{0, 0, 0}",1.1,3.5,4,0.0534,3,5,2.901831,SR_P282,"{1.55, 0.6, -0.3}",Res_T10_282,0.060641
Standard_00534,Standard,SR_OriginPoint,"{0, 0, 0}",1.1,3.5,4,0.0534,3,5,3.159213,SR_P283,"{1.55, 0.9, -0.3}",Res_T10_283,0.049514
Standard_00534,Standard,SR_OriginPoint,"{0, 0, 0}",1.1,3.5,4,0.0534,3,5,3.42354,SR_P284,"{1.55, 1.2, -0.3}",Res_T10_284,0.037349
Standard_00534,Standard,SR_OriginPoint,"{0, 0, 0}",1.1,3.5,4,0.0534,3,5,3.693322,SR_P285,"{1.55, 1.5, -0.3}",Res_T10_285,0.023493
Standard_00534,Standard,SR_OriginPoint,"{0, 0, 0}",1.1,3.5,4,0.0534,3,5,3.967446,SR_P286,"{1.55, 1.8, -0.3}",Res_T10_286,0.010327
Standard_00534,Standard,SR_OriginPoint,"{0, 0, 0}",1.75,3.5,4,0.0534,3,5,1.637261,SR_P287,"{-1.55, -1.8, 0.35}",Res_T10_287,0.065774
Standard_00534,Standard,SR_OriginPoint,"{0, 0, 0}",1.75,3.5,4,0.0534,3,5,1.673507,SR_P288,"{-1.55, -1.5, 0.35}",Res_T10_288,0.052164
Standard_00534,Standard,SR_OriginPoint,"{0, 0, 0}",1.75,3.5,4,0.0534,3,5,1.760859,SR_P289,"{-1.55, -1.2, 0.35}",Res_T10_289,0.041915
Standard_00534,Standard,SR_OriginPoint,"{0, 0, 0}",1.75,3.5,4,0.0534,3,5,1.892254,SR_P290,"{-1.55, -0.9, 0.35}",Res_T10_290,0.031767
Standard_00534,Standard,SR_OriginPoint,"{0, 0, 0}",1.75,3.5,4,0.0534,3,5,2.059278,SR_P291,"{-1.55, -0.6, 0.35}",Res_T10_291,0.02197
Standard_00534,Standard,SR_OriginPoint,"{0, 0, 0}",1.75,3.5,4,0.0534,3,5,2.254024,SR_P292,"{-1.55, -0.3, 0.35}",Res_T10_292,0.014199
Standard_00534,Standard,SR_OriginPoint,"{0, 0, 0}",1.75,3.5,4,0.0534,3,5,2.469944,SR_P293,"{-1.55, 0.0, 0.35}",Res_T10_293,0.011882
Standard_00534,Standard,SR_OriginPoint,"{0, 0, 0}",1.75,3.5,4,0.0534,3,5,2.701967,SR_P294,"{-1.55, 0.3, 0.35}",Res_T10_294,0.014669
Standard_00534,Standard,SR_OriginPoint,"{0, 0, 0}",1.75,3.5,4,0.0534,3,5,2.94629,SR_P295,"{-1.55, 0.6, 0.35}",Res_T10_295,0.017497
Standard_00534,Standard,SR_OriginPoint,"{0, 0, 0}",1.75,3.5,4,0.0534,3,5,3.200098,SR_P296,"{-1.55, 0.9, 0.35}",Res_T10_296,0.016138
Standard_00534,Standard,SR_OriginPoint,"{0, 0, 0}",1.75,3.5,4,0.0534,3,5,3.461304,SR_P297,"{-1.55, 1.2, 0.35}",Res_T10_297,0.011193
Standard_00534,Standard,SR_OriginPoint,"{0, 0, 0}",1.75,3.5,4,0.0534,3,5,3.728354,SR_P298,"{-1.55, 1.5, 0.35}",Res_T10_298,0.003576
Standard_00534,Standard,SR_OriginPoint,"{0, 0, 0}",1.75,3.5,4,0.0534,3,5,4.000078,SR_P299,"{-1.55, 1.8, 0.35}",Res_T10_299,0.008669
Standard_00534,Standard,SR_OriginPoint,"{0, 0, 0}",1.75,3.5,4,0.0534,3,5,1.347488,SR_P300,"{-1.24, -1.8, 0.35}",Res_T10_300,0.055595
Standard_00534,Standard,SR_OriginPoint,"{0, 0, 0}",1.75,3.5,4,0.0534,3,5,1.391303,SR_P301,"{-1.24, -1.5, 0.35}",Res_T10_301,0.042795
Standard_00534,Standard,SR_OriginPoint,"{0, 0, 0}",1.75,3.5,4,0.0534,3,5,1.495234,SR_P302,"{-1.24, -1.2, 0.35}",Res_T10_302,0.033436
Standard_00534,Standard,SR_OriginPoint,"{0, 0, 0}",1.75,3.5,4,0.0534,3,5,1.647946,SR_P303,"{-1.24, -0.9, 0.35}",Res_T10_303,0.02453
Standard_00534,Standard,SR_OriginPoint,"{0, 0, 0}",1.75,3.5,4,0.0534,3,5,1.837315,SR_P304,"{-1.24, -0.6, 0.35}",Res_T10_304,0.01589
Standard_00534,Standard,SR_OriginPoint,"{0, 0, 0}",1.75,3.5,4,0.0534,3,5,2.053223,SR_P305,"{-1.24, -0.3, 0.35}",Res_T10_305,0.008028
Standard_00534,Standard,SR_OriginPoint,"{0, 0, 0}",1.75,3.5,4,0.0534,3,5,2.288171,SR_P306,"{-1.24, 0.0, 0.35}",Res_T10_306,0.005412
Standard_00534,Standard,SR_OriginPoint,"{0, 0, 0}",1.75,3.5,4,0.0534,3,5,2.536873,SR_P307,"{-1.24, 0.3, 0.35}",Res_T10_307,0.010302
Standard_00534,Standard,SR_OriginPoint,"{0, 0, 0}",1.75,3.5,4,0.0534,3,5,2.795662,SR_P308,"{-1.24, 0.6, 0.35}",Res_T10_308,0.015484
Standard_00534,Standard,SR_OriginPoint,"{0, 0, 0}",1.75,3.5,4,0.0534,3,5,3.061981,SR_P309,"{-1.24, 0.9, 0.35}",Res_T10_309,0.016165
Standard_00534,Standard,SR_OriginPoint,"{0, 0, 0}",1.75,3.5,4,0.0534,3,5,3.334025,SR_P310,"{-1.24, 1.2, 0.35}",Res_T10_310,0.013461
Standard_00534,Standard,SR_OriginPoint,"{0, 0, 0}",1.75,3.5,4,0.0534,3,5,3.610502,SR_P311,"{-1.24, 1.5, 0.35}",Res_T10_311,0.007102
Standard_00534,Standard,SR_OriginPoint,"{0, 0, 0}",1.75,3.5,4,0.0534,3,5,3.890466,SR_P312,"{-1.24, 1.8, 0.35}",Res_T10_312,0.002908
Standard_00534,Standard,SR_OriginPoint,"{0, 0, 0}",1.75,3.5,4,0.0534,3,5,1.069123,SR_P313,"{-0.93, -1.8, 0.35}",Res_T10_313,0.05002
Standard_00534,Standard,SR_OriginPoint,"{0, 0, 0}",1.75,3.5,4,0.0534,3,5,1.123844,SR_P314,"{-0.93, -1.5, 0.35}",Res_T10_314,0.036985
Standard_00534,Standard,SR_OriginPoint,"{0, 0, 0}",1.75,3.5,4,0.0534,3,5,1.25021,SR_P315,"{-0.93, -1.2, 0.35}",Res_T10_315,0.027803
Standard_00534,Standard,SR_OriginPoint,"{0, 0, 0}",1.75,3.5,4,0.0534,3,5,1.429344,SR_P316,"{-0.93, -0.9, 0.35}",Res_T10_316,0.019796
Standard_00534,Standard,SR_OriginPoint,"{0, 0, 0}",1.75,3.5,4,0.0534,3,5,1.644088,SR_P317,"{-0.93, -0.6, 0.35}",Res_T10_317,0.01217
Standard_00534,Standard,SR_OriginPoint,"{0, 0, 0}",1.75,3.5,4,0.0534,3,5,1.882292,SR_P318,"{-0.93, -0.3, 0.35}",Res_T10_318,0.004657
Standard_00534,Standard,SR_OriginPoint,"{0, 0, 0}",1.75,3.5,4,0.0534,3,5,2.136124,SR_P319,"{-0.93, 0.0, 0.35}",Res_T10_319,0.003492
Standard_00534,Standard,SR_OriginPoint,"{0, 0, 0}",1.75,3.5,4,0.0534,3,5,2.40063,SR_P320,"{-0.93, 0.3, 0.35}",Res_T10_320,0.010042
Standard_00534,Standard,SR_OriginPoint,"{0, 0, 0}",1.75,3.5,4,0.0534,3,5,2.672644,SR_P321,"{-0.93, 0.6, 0.35}",Res_T10_321,0.016531
Standard_00534,Standard,SR_OriginPoint,"{0, 0, 0}",1.75,3.5,4,0.0534,3,5,2.950089,SR_P322,"{-0.93, 0.9, 0.35}",Res_T10_322,0.018724
Standard_00534,Standard,SR_OriginPoint,"{0, 0, 0}",1.75,3.5,4,0.0534,3,5,3.231567,SR_P323,"{-0.93, 1.2, 0.35}",Res_T10_323,0.017852
Standard_00534,Standard,SR_OriginPoint,"{0, 0, 0}",1.75,3.5,4,0.0534,3,5,3.516109,SR_P324,"{-0.93, 1.5, 0.35}",Res_T10_324,0.013158
Standard_00534,Standard,SR_OriginPoint,"{0, 0, 0}",1.75,3.5,4,0.0534,3,5,3.803028,SR_P325,"{-0.93, 1.8, 0.35}",Res_T10_325,0.004089
Standard_00534,Standard,SR_OriginPoint,"{0, 0, 0}",1.75,3.5,4,0.0534,3,5,0.813956,SR_P326,"{-0.62, -1.8, 0.35}",Res_T10_326,0.049079
Standard_00534,Standard,SR_OriginPoint,"{0, 0, 0}",1.75,3.5,4,0.0534,3,5,0.884604,SR_P327,"{-0.62, -1.5, 0.35}",Res_T10_327,0.033313
Standard_00534,Standard,SR_OriginPoint,"{0, 0, 0}",1.75,3.5,4,0.0534,3,5,1.040445,SR_P328,"{-0.62, -1.2, 0.35}",Res_T10_328,0.02372
Standard_00534,Standard,SR_OriginPoint,"{0, 0, 0}",1.75,3.5,4,0.0534,3,5,1.25001,SR_P329,"{-0.62, -0.9, 0.35}",Res_T10_329,0.015995
Standard_00534,Standard,SR_OriginPoint,"{0, 0, 0}",1.75,3.5,4,0.0534,3,5,1.490814,SR_P330,"{-0.62, -0.6, 0.35}",Res_T10_330,0.009094
Standard_00534,Standard,SR_OriginPoint,"{0, 0, 0}",1.75,3.5,4,0.0534,3,5,1.750007,SR_P331,"{-0.62, -0.3, 0.35}",Res_T10_331,0.003371
Standard_00534,Standard,SR_OriginPoint,"{0, 0, 0}",1.75,3.5,4,0.0534,3,5,2.020526,SR_P332,"{-0.62, 0.0, 0.35}",Res_T10_332,0.006485
Standard_00534,Standard,SR_OriginPoint,"{0, 0, 0}",1.75,3.5,4,0.0534,3,5,2.298374,SR_P333,"{-0.62, 0.3, 0.35}",Res_T10_333,0.012857
Standard_00534,Standard,SR_OriginPoint,"{0, 0, 0}",1.75,3.5,4,0.0534,3,5,2.581187,SR_P334,"{-0.62, 0.6, 0.35}",Res_T10_334,0.020136
Standard_00534,Standard,SR_OriginPoint,"{0, 0, 0}",1.75,3.5,4,0.0534,3,5,2.867495,SR_P335,"{-0.62, 0.9, 0.35}",Res_T10_335,0.023657
Standard_00534,Standard,SR_OriginPoint,"{0, 0, 0}",1.75,3.5,4,0.0534,3,5,3.156347,SR_P336,"{-0.62, 1.2, 0.35}",Res_T10_336,0.024565
Standard_00534,Standard,SR_OriginPoint,"{0, 0, 0}",1.75,3.5,4,0.0534,3,5,3.447104,SR_P337,"{-0.62, 1.5, 0.35}",Res_T10_337,0.02169
Standard_00534,Standard,SR_OriginPoint,"{0, 0, 0}",1.75,3.5,4,0.0534,3,5,3.739321,SR_P338,"{-0.62, 1.8, 0.35}",Res_T10_338,0.013919
Standard_00534,Standard,SR_OriginPoint,"{0, 0, 0}",1.75,3.5,4,0.0534,3,5,0.611739,SR_P339,"{-0.31, -1.8, 0.35}",Res_T10_339,0.047417
Standard_00534,Standard,SR_OriginPoint,"{0, 0, 0}",1.75,3.5,4,0.0534,3,5,0.703011,SR_P340,"{-0.31, -1.5, 0.35}",Res_T10_340,0.029474
Standard_00534,Standard,SR_OriginPoint,"{0, 0, 0}",1.75,3.5,4,0.0534,3,5,0.891193,SR_P341,"{-0.31, -1.2, 0.35}",Res_T10_341,0.020429
Standard_00534,Standard,SR_OriginPoint,"{0, 0, 0}",1.75,3.5,4,0.0534,3,5,1.128816,SR_P342,"{-0.31, -0.9, 0.35}",Res_T10_342,0.012469
Standard_00534,Standard,SR_OriginPoint,"{0, 0, 0}",1.75,3.5,4,0.0534,3,5,1.390764,SR_P343,"{-0.31, -0.6, 0.35}",Res_T10_343,0.006274
Standard_00534,Standard,SR_OriginPoint,"{0, 0, 0}",1.75,3.5,4,0.0534,3,5,1.6656,SR_P344,"{-0.31, -0.3, 0.35}",Res_T10_344,0.005165
Standard_00534,Standard,SR_OriginPoint,"{0, 0, 0}",1.75,3.5,4,0.0534,3,5,1.947877,SR_P345,"{-0.31, 0.0, 0.35}",Res_T10_345,0.010669
Standard_00534,Standard,SR_OriginPoint,"{0, 0, 0}",1.75,3.5,4,0.0534,3,5,2.234776,SR_P346,"{-0.31, 0.3, 0.35}",Res_T10_346,0.01727
Standard_00534,Standard,SR_OriginPoint,"{0, 0, 0}",1.75,3.5,4,0.0534,3,5,2.524723,SR_P347,"{-0.31, 0.6, 0.35}",Res_T10_347,0.025651
Standard_00534,Standard,SR_OriginPoint,"{0, 0, 0}",1.75,3.5,4,0.0534,3,5,2.816776,SR_P348,"{-0.31, 0.9, 0.35}",Res_T10_348,0.0309
Standard_00534,Standard,SR_OriginPoint,"{0, 0, 0}",1.75,3.5,4,0.0534,3,5,3.110342,SR_P349,"{-0.31, 1.2, 0.35}",Res_T10_349,0.034447
Standard_00534,Standard,SR_OriginPoint,"{0, 0, 0}",1.75,3.5,4,0.0534,3,5,3.405029,SR_P350,"{-0.31, 1.5, 0.35}",Res_T10_350,0.034882
Standard_00534,Standard,SR_OriginPoint,"{0, 0, 0}",1.75,3.5,4,0.0534,3,5,3.700571,SR_P351,"{-0.31, 1.8, 0.35}",Res_T10_351,0.030244
Standard_00534,Standard,SR_OriginPoint,"{0, 0, 0}",1.75,3.5,4,0.0534,3,5,0.527376,SR_P352,"{0.0, -1.8, 0.35}",Res_T10_352,0.033376
Standard_00534,Standard,SR_OriginPoint,"{0, 0, 0}",1.75,3.5,4,0.0534,3,5,0.630971,SR_P353,"{0.0, -1.5, 0.35}",Res_T10_353,0.02991
Standard_00534,Standard,SR_OriginPoint,"{0, 0, 0}",1.75,3.5,4,0.0534,3,5,0.835539,SR_P354,"{0.0, -1.2, 0.35}",Res_T10_354,0.019582
Standard_00534,Standard,SR_OriginPoint,"{0, 0, 0}",1.75,3.5,4,0.0534,3,5,1.085415,SR_P355,"{0.0, -0.9, 0.35}",Res_T10_355,0.011442
Standard_00534,Standard,SR_OriginPoint,"{0, 0, 0}",1.75,3.5,4,0.0534,3,5,1.355775,SR_P356,"{0.0, -0.6, 0.35}",Res_T10_356,0.005617
Standard_00534,Standard,SR_OriginPoint,"{0, 0, 0}",1.75,3.5,4,0.0534,3,5,1.636498,SR_P357,"{0.0, -0.3, 0.35}",Res_T10_357,0.006144
Standard_00534,Standard,SR_OriginPoint,"{0, 0, 0}",1.75,3.5,4,0.0534,3,5,1.923051,SR_P358,"{0.0, 0.0, 0.35}",Res_T10_358,0.012048
Standard_00534,Standard,SR_OriginPoint,"{0, 0, 0}",1.75,3.5,4,0.0534,3,5,2.213171,SR_P359,"{0.0, 0.3, 0.35}",Res_T10_359,0.018839
Standard_00534,Standard,SR_OriginPoint,"{0, 0, 0}",1.75,3.5,4,0.0534,3,5,2.505619,SR_P360,"{0.0, 0.6, 0.35}",Res_T10_360,0.027777
Standard_00534,Standard,SR_OriginPoint,"{0, 0, 0}",1.75,3.5,4,0.0534,3,5,2.799665,SR_P361,"{0.0, 0.9, 0.35}",Res_T10_361,0.033901
Standard_00534,Standard,SR_OriginPoint,"{0, 0, 0}",1.75,3.5,4,0.0534,3,5,3.094855,SR_P362,"{0.0, 1.2, 0.35}",Res_T10_362,0.039039
Standard_00534,Standard,SR_OriginPoint,"{0, 0, 0}",1.75,3.5,4,0.0534,3,5,3.390889,SR_P363,"{0.0, 1.5, 0.35}",Res_T10_363,0.04203
Standard_00534,Standard,SR_OriginPoint,"{0, 0, 0}",1.75,3.5,4,0.0534,3,5,3.687564,SR_P364,"{0.0, 1.8, 0.35}",Res_T10_364,0.040229
Standard_00534,Standard,SR_OriginPoint,"{0, 0, 0}",1.75,3.5,4,0.0534,3,5,0.611739,SR_P365,"{0.31, -1.8, 0.35}",Res_T10_365,0.046169
Standard_00534,Standard,SR_OriginPoint,"{0, 0, 0}",1.75,3.5,4,0.0534,3,5,0.703011,SR_P366,"{0.31, -1.5, 0.35}",Res_T10_366,0.028624
Standard_00534,Standard,SR_OriginPoint,"{0, 0, 0}",1.75,3.5,4,0.0534,3,5,0.891193,SR_P367,"{0.31, -1.2, 0.35}",Res_T10_367,0.01985
Standard_00534,Standard,SR_OriginPoint,"{0, 0, 0}",1.75,3.5,4,0.0534,3,5,1.128816,SR_P368,"{0.31, -0.9, 0.35}",Res_T10_368,0.012088
Standard_00534,Standard,SR_OriginPoint,"{0, 0, 0}",1.75,3.5,4,0.0534,3,5,1.390764,SR_P369,"{0.31, -0.6, 0.35}",Res_T10_369,0.006254
Standard_00534,Standard,SR_OriginPoint,"{0, 0, 0}",1.75,3.5,4,0.0534,3,5,1.6656,SR_P370,"{0.31, -0.3, 0.35}",Res_T10_370,0.005756
Standard_00534,Standard,SR_OriginPoint,"{0, 0, 0}",1.75,3.5,4,0.0534,3,5,1.947877,SR_P371,"{0.31, 0.0, 0.35}",Res_T10_371,0.011248
Standard_00534,Standard,SR_OriginPoint,"{0, 0, 0}",1.75,3.5,4,0.0534,3,5,2.234776,SR_P372,"{0.31, 0.3, 0.35}",Res_T10_372,0.017921
Standard_00534,Standard,SR_OriginPoint,"{0, 0, 0}",1.75,3.5,4,0.0534,3,5,2.524723,SR_P373,"{0.31, 0.6, 0.35}",Res_T10_373,0.026758
Standard_00534,Standard,SR_OriginPoint,"{0, 0, 0}",1.75,3.5,4,0.0534,3,5,2.816776,SR_P374,"{0.31, 0.9, 0.35}",Res_T10_374,0.032807
Standard_00534,Standard,SR_OriginPoint,"{0, 0, 0}",1.75,3.5,4,0.0534,3,5,3.110342,SR_P375,"{0.31, 1.2, 0.35}",Res_T10_375,0.037874
Standard_00534,Standard,SR_OriginPoint,"{0, 0, 0}",1.75,3.5,4,0.0534,3,5,3.405029,SR_P376,"{0.31, 1.5, 0.35}",Res_T10_376,0.040879
Standard_00534,Standard,SR_OriginPoint,"{0, 0, 0}",1.75,3.5,4,0.0534,3,5,3.700571,SR_P377,"{0.31, 1.8, 0.35}",Res_T10_377,0.039463
Standard_00534,Standard,SR_OriginPoint,"{0, 0, 0}",1.75,3.5,4,0.0534,3,5,0.813956,SR_P378,"{0.62, -1.8, 0.35}",Res_T10_378,0.047881
Standard_00534,Standard,SR_OriginPoint,"{0, 0, 0}",1.75,3.5,4,0.0534,3,5,0.884604,SR_P379,"{0.62, -1.5, 0.35}",Res_T10_379,0.032369
Standard_00534,Standard,SR_OriginPoint,"{0, 0, 0}",1.75,3.5,4,0.0534,3,5,1.040445,SR_P380,"{0.62, -1.2, 0.35}",Res_T10_380,0.023014
Standard_00534,Standard,SR_OriginPoint,"{0, 0, 0}",1.75,3.5,4,0.0534,3,5,1.25001,SR_P381,"{0.62, -0.9, 0.35}",Res_T10_381,0.015571
Standard_00534,Standard,SR_OriginPoint,"{0, 0, 0}",1.75,3.5,4,0.0534,3,5,1.490814,SR_P382,"{0.62, -0.6, 0.35}",Res_T10_382,0.009082
Standard_00534,Standard,SR_OriginPoint,"{0, 0, 0}",1.75,3.5,4,0.0534,3,5,1.750007,SR_P383,"{0.62, -0.3, 0.35}",Res_T10_383,0.004289
Standard_00534,Standard,SR_OriginPoint,"{0, 0, 0}",1.75,3.5,4,0.0534,3,5,2.020526,SR_P384,"{0.62, 0.0, 0.35}",Res_T10_384,0.007263
Standard_00534,Standard,SR_OriginPoint,"{0, 0, 0}",1.75,3.5,4,0.0534,3,5,2.298374,SR_P385,"{0.62, 0.3, 0.35}",Res_T10_385,0.013559
Standard_00534,Standard,SR_OriginPoint,"{0, 0, 0}",1.75,3.5,4,0.0534,3,5,2.581187,SR_P386,"{0.62, 0.6, 0.35}",Res_T10_386,0.021556
Standard_00534,Standard,SR_OriginPoint,"{0, 0, 0}",1.75,3.5,4,0.0534,3,5,2.867495,SR_P387,"{0.62, 0.9, 0.35}",Res_T10_387,0.0263
Standard_00534,Standard,SR_OriginPoint,"{0, 0, 0}",1.75,3.5,4,0.0534,3,5,3.156347,SR_P388,"{0.62, 1.2, 0.35}",Res_T10_388,0.029115
Standard_00534,Standard,SR_OriginPoint,"{0, 0, 0}",1.75,3.5,4,0.0534,3,5,3.447104,SR_P389,"{0.62, 1.5, 0.35}",Res_T10_389,0.028619
Standard_00534,Standard,SR_OriginPoint,"{0, 0, 0}",1.75,3.5,4,0.0534,3,5,3.739321,SR_P390,"{0.62, 1.8, 0.35}",Res_T10_390,0.02278
Standard_00534,Standard,SR_OriginPoint,"{0, 0, 0}",1.75,3.5,4,0.0534,3,5,1.069123,SR_P391,"{0.93, -1.8, 0.35}",Res_T10_391,0.049175
Standard_00534,Standard,SR_OriginPoint,"{0, 0, 0}",1.75,3.5,4,0.0534,3,5,1.123844,SR_P392,"{0.93, -1.5, 0.35}",Res_T10_392,0.036372
Standard_00534,Standard,SR_OriginPoint,"{0, 0, 0}",1.75,3.5,4,0.0534,3,5,1.25021,SR_P393,"{0.93, -1.2, 0.35}",Res_T10_393,0.027406
Standard_00534,Standard,SR_OriginPoint,"{0, 0, 0}",1.75,3.5,4,0.0534,3,5,1.429344,SR_P394,"{0.93, -0.9, 0.35}",Res_T10_394,0.019671
Standard_00534,Standard,SR_OriginPoint,"{0, 0, 0}",1.75,3.5,4,0.0534,3,5,1.644088,SR_P395,"{0.93, -0.6, 0.35}",Res_T10_395,0.012342
Standard_00534,Standard,SR_OriginPoint,"{0, 0, 0}",1.75,3.5,4,0.0534,3,5,1.882292,SR_P396,"{0.93, -0.3, 0.35}",Res_T10_396,0.005153
Standard_00534,Standard,SR_OriginPoint,"{0, 0, 0}",1.75,3.5,4,0.0534,3,5,2.136124,SR_P397,"{0.93, 0.0, 0.35}",Res_T10_397,0.003494
Standard_00534,Standard,SR_OriginPoint,"{0, 0, 0}",1.75,3.5,4,0.0534,3,5,2.40063,SR_P398,"{0.93, 0.3, 0.35}",Res_T10_398,0.009995
Standard_00534,Standard,SR_OriginPoint,"{0, 0, 0}",1.75,3.5,4,0.0534,3,5,2.672644,SR_P399,"{0.93, 0.6, 0.35}",Res_T10_399,0.017383
Standard_00534,Standard,SR_OriginPoint,"{0, 0, 0}",1.75,3.5,4,0.0534,3,5,2.950089,SR_P400,"{0.93, 0.9, 0.35}",Res_T10_400,0.020908
Standard_00534,Standard,SR_OriginPoint,"{0, 0, 0}",1.75,3.5,4,0.0534,3,5,3.231567,SR_P401,"{0.93, 1.2, 0.35}",Res_T10_401,0.021859
Standard_00534,Standard,SR_OriginPoint,"{0, 0, 0}",1.75,3.5,4,0.0534,3,5,3.516109,SR_P402,"{0.93, 1.5, 0.35}",Res_T10_402,0.019041
Standard_00534,Standard,SR_OriginPoint,"{0, 0, 0}",1.75,3.5,4,0.0534,3,5,3.803028,SR_P403,"{0.93, 1.8, 0.35}",Res_T10_403,0.011001
Standard_00534,Standard,SR_OriginPoint,"{0, 0, 0}",1.75,3.5,4,0.0534,3,5,1.347488,SR_P404,"{1.24, -1.8, 0.35}",Res_T10_404,0.055167
Standard_00534,Standard,SR_OriginPoint,"{0, 0, 0}",1.75,3.5,4,0.0534,3,5,1.391303,SR_P405,"{1.24, -1.5, 0.35}",Res_T10_405,0.042558
Standard_00534,Standard,SR_OriginPoint,"{0, 0, 0}",1.75,3.5,4,0.0534,3,5,1.495234,SR_P406,"{1.24, -1.2, 0.35}",Res_T10_406,0.033475
Standard_00534,Standard,SR_OriginPoint,"{0, 0, 0}",1.75,3.5,4,0.0534,3,5,1.647946,SR_P407,"{1.24, -0.9, 0.35}",Res_T10_407,0.024868
Standard_00534,Standard,SR_OriginPoint,"{0, 0, 0}",1.75,3.5,4,0.0534,3,5,1.837315,SR_P408,"{1.24, -0.6, 0.35}",Res_T10_408,0.016447
Standard_00534,Standard,SR_OriginPoint,"{0, 0, 0}",1.75,3.5,4,0.0534,3,5,2.053223,SR_P409,"{1.24, -0.3, 0.35}",Res_T10_409,0.008526
Standard_00534,Standard,SR_OriginPoint,"{0, 0, 0}",1.75,3.5,4,0.0534,3,5,2.288171,SR_P410,"{1.24, 0.0, 0.35}",Res_T10_410,0.004797
Standard_00534,Standard,SR_OriginPoint,"{0, 0, 0}",1.75,3.5,4,0.0534,3,5,2.536873,SR_P411,"{1.24, 0.3, 0.35}",Res_T10_411,0.0096
Standard_00534,Standard,SR_OriginPoint,"{0, 0, 0}",1.75,3.5,4,0.0534,3,5,2.795662,SR_P412,"{1.24, 0.6, 0.35}",Res_T10_412,0.015821
Standard_00534,Standard,SR_OriginPoint,"{0, 0, 0}",1.75,3.5,4,0.0534,3,5,3.061981,SR_P413,"{1.24, 0.9, 0.35}",Res_T10_413,0.017909
Standard_00534,Standard,SR_OriginPoint,"{0, 0, 0}",1.75,3.5,4,0.0534,3,5,3.334025,SR_P414,"{1.24, 1.2, 0.35}",Res_T10_414,0.017006
Standard_00534,Standard,SR_OriginPoint,"{0, 0, 0}",1.75,3.5,4,0.0534,3,5,3.610502,SR_P415,"{1.24, 1.5, 0.35}",Res_T10_415,0.012295
Standard_00534,Standard,SR_OriginPoint,"{0, 0, 0}",1.75,3.5,4,0.0534,3,5,3.890466,SR_P416,"{1.24, 1.8, 0.35}",Res_T10_416,0.003076
Standard_00534,Standard,SR_OriginPoint,"{0, 0, 0}",1.75,3.5,4,0.0534,3,5,1.637261,SR_P417,"{1.55, -1.8, 0.35}",Res_T10_417,0.065639
Standard_00534,Standard,SR_OriginPoint,"{0, 0, 0}",1.75,3.5,4,0.0534,3,5,1.673507,SR_P418,"{1.55, -1.5, 0.35}",Res_T10_418,0.052204
Standard_00534,Standard,SR_OriginPoint,"{0, 0, 0}",1.75,3.5,4,0.0534,3,5,1.760859,SR_P419,"{1.55, -1.2, 0.35}",Res_T10_419,0.042359
Standard_00534,Standard,SR_OriginPoint,"{0, 0, 0}",1.75,3.5,4,0.0534,3,5,1.892254,SR_P420,"{1.55, -0.9, 0.35}",Res_T10_420,0.032645
Standard_00534,Standard,SR_OriginPoint,"{0, 0, 0}",1.75,3.5,4,0.0534,3,5,2.059278,SR_P421,"{1.55, -0.6, 0.35}",Res_T10_421,0.023143
Standard_00534,Standard,SR_OriginPoint,"{0, 0, 0}",1.75,3.5,4,0.0534,3,5,2.254024,SR_P422,"{1.55, -0.3, 0.35}",Res_T10_422,0.015261
Standard_00534,Standard,SR_OriginPoint,"{0, 0, 0}",1.75,3.5,4,0.0534,3,5,2.469944,SR_P423,"{1.55, 0.0, 0.35}",Res_T10_423,0.012183
Standard_00534,Standard,SR_OriginPoint,"{0, 0, 0}",1.75,3.5,4,0.0534,3,5,2.701967,SR_P424,"{1.55, 0.3, 0.35}",Res_T10_424,0.014534
Standard_00534,Standard,SR_OriginPoint,"{0, 0, 0}",1.75,3.5,4,0.0534,3,5,2.94629,SR_P425,"{1.55, 0.6, 0.35}",Res_T10_425,0.018139
Standard_00534,Standard,SR_OriginPoint,"{0, 0, 0}",1.75,3.5,4,0.0534,3,5,3.200098,SR_P426,"{1.55, 0.9, 0.35}",Res_T10_426,0.018098
Standard_00534,Standard,SR_OriginPoint,"{0, 0, 0}",1.75,3.5,4,0.0534,3,5,3.461304,SR_P427,"{1.55, 1.2, 0.35}",Res_T10_427,0.014777
Standard_00534,Standard,SR_OriginPoint,"{0, 0, 0}",1.75,3.5,4,0.0534,3,5,3.728354,SR_P428,"{1.55, 1.5, 0.35}",Res_T10_428,0.007856
Standard_00534,Standard,SR_OriginPoint,"{0, 0, 0}",1.75,3.5,4,0.0534,3,5,4.000078,SR_P429,"{1.55, 1.8, 0.35}",Res_T10_429,0.003927
